user_input,output,timestamp
예금 상품 추천해줘,"Use the following pieces of context to answer the question at the end. If you don't know the answer, just say that you don't know, don't try to make up an answer.

은행: Sh수협은행
상품명: 잇(it)딴주머니통장
기본금리: 0.1
최고금리(우대금리포함): 2.0
이자지급방식: 월지급
은행 최종제공일: 2025-01-20
가입방법: 스마트뱅킹
우대조건: 내 통장안에 새로운 보관장소, 딴주머니
원하는 금액을 딴주머니에 보관하면 금리혜택 제공
*딴주머니
-기본금리:1.90%
-우대금리 : 마케팅동의 0.10%
가입 제한조건: 제한없음
가입대상: 실명의 개인
기타 유의사항: 1인1계좌
가입채널:비대면(스마트폰뱅킹)
가입금액(입금한도)
-잇(it)딴주머니통장 : 제한없음
-딴주머니 : 1천만원
최고한도: 정보 없음

은행: 전북은행
상품명: 씨드모아 통장
기본금리: 2.3
최고금리(우대금리포함): 3.01
이자지급방식: 월지급
은행 최종제공일: 2025-01-21
가입방법: 스마트뱅킹
우대조건: 우대금리 최고 연 0.71%
이벤트기간(~25.03.31) 중 신규가입고객 中
마케팅동의 우대 연 0.50%
매일의 최종잔액이 3억원 이상일 경우 추가 연 0.21%
신규일로부터 3개월간 우대금리 제공
가입 제한조건: 제한없음
가입대상: 전북은행 첫거래고객
기타 유의사항: 비대면전용상품
2025.03.31일까지 가입고객에게
이벤트우대이율 적용
최고한도: 정보 없음

은행: Sh수협은행
상품명: Sh평생주거래우대통장
(예치기간별)
기본금리: 0.05
최고금리(우대금리포함): 0.2
이자지급방식: 월지급
은행 최종제공일: 2025-01-20
가입방법: 영업점,스마트뱅킹
우대조건: 기본조건 만족시 매일 최종잔액에 대하여 예치기간에 따른 금리로 기간에 따라 금리적용
Ⅰ.입금일로부터 30일까지 : 0.05%
Ⅱ.31일부터 180일까지 : 0.10%
Ⅲ.181일부터 : 0.10%
*우대금리
-기본조건 충족시 Ⅱ구간에 대하여 0.10%우대적용
-대상 : CIF신규고객,어업인, 기초생활수급권자 등
가입 제한조건: 제한없음
가입대상: 실명의 개인
기타 유의사항: 1인1계좌
가입채널:영업점, 비대면(스마트폰뱅킹)

*기본조건
이 예금은 아래의 조건 중 한가지 이상 만족해야 각 구간별 금리를 적용받을 수 있으며 조건 미충족시 Ⅰ구간 금리 적용
-이 예금 전월 입금실적이 100만원이상
-이 예금 전월 평균잔액이 50만원이상
-이 예금 전월 자동이체 건수 3건 이상
최고한도: 정보 없음

은행: 하나은행
상품명: 달달 하나 통장
기본금리: 0.1
최고금리(우대금리포함): 3.0
이자지급방식: 월지급
은행 최종제공일: 2025-01-20
가입방법: 영업점,스마트뱅킹,영업점,스마트뱅킹
우대조건: ① 전월 급여이체 실적 충족 시 매일의 최종 잔액 중 2백만원 이하의 금액에 대해 연 1.9%
② 가입일로부터 1년 이내(단, 25년 3월 31일까지 가입분에 한함) 매일의 최종 잔액 중 2백만원 이하 금액에 대해서 연 1.0%
③이 통장으로 급여이체 실적 충족하는 경우 충족 월의 다음달에 수수료 면제 혜택제공
가입 제한조건: 제한없음
가입대상: 만14세 이상 실명의 개인 및 개인사업자 (1인 1계좌)
기타 유의사항: 1. 1인 1 계좌
2 . 우대 금리는 매일의 최종 잔액 중 2백만원 이하 금액에 대해 적용.
3. 급여이체 조건 : 건당 50만원 이상 입금 시, 급여 적요를 포함하여 입금 되거나 사전등록한 급여지정일 전후 1영업일 내 자금이 입금되는 월의 다음달에 제공.(타인으로부터 이 통장에 입금된 건에 한함)
최고한도: 2,000,000원

Question: 예금 상품 추천해줘
Helpful Answer: 다양한 예금 상품을 고려할 때, 고객의 필요와 조건에 따라 적합한 상품을 선택하는 것이 중요합니다. 아래는 각 상품의 특징과 장단점을 정리한 것입니다.

1. **Sh수협은행 잇(it)딴주머니통장**  
   - **장점**: 월 지급 이자 방식으로 즉각적인 이자 수익을 제공하며, 기본금리와 우대금리가 비교적 높습니다. 비대면 가입이 가능하여 편리합니다.  
   - **단점**: 특정 조건을 충족해야 우대금리를 적용받을 수 있으며, 딴주머니에 보관하는 방식이 필요합니다.

2. **전북은행 씨드모아 통장**  
   - **장점**: 기본금리가 높고 우대금리가 추가로 제공되며, 신규 가입 고객에게 특별한 마케팅 동의를 통해 추가적인 금리를 제공합니다.  
   - **단점**: 특정 조건을 충족해야 우대금리를 적용받을 수 있으며, 비대면 전용 상품이므로 영업점 방문이 필요할 수 있습니다.

3. **Sh수협은행 Sh평생주거래우대통장**  
   - **장점**: 기본금리가 낮지만, 다양한 조건을 충족하면 우대금리를 적용받을 수 있어 잠재적으로 높은 금리를 제공합니다.  
   - **단점**: 조건이 복잡하여 적용받기 어려울 수 있습니다.

4. **하나은행 달달 하나 통장**  
   - **장점**: 기본금리가 낮지만, 급여이체 실적에 따라 우대금리를 제공하며, 수수료 면제 혜택이 있습니다.  
   - **단점**: 급여이체 조건이 까다롭고, 최대 잔액이 2,000,000원으로 제한됩니다.

각 상품의 특성을 고려하여 자신의 금융 상황과 필요에 맞는 상품을 선택하는 것이 중요합니다. 예를 들어, 비대면 거래를",2025-03-04 05:37:18.103365
